<?xml version="1.0" encoding="UTF-8"?>
<!DOCTYPE configuration
        PUBLIC "-//mybatis.org//DTD Config 3.0//EN"
        "http://mybatis.org/dtd/mybatis-3-config.dtd">

<configuration>
  <properties resource="db.properties"/>
  <settings>
    <!-- 通过配置属性logImpl，指定使用LOG4J输出日志 -->
    <setting name="logImpl" value="LOG4J"/>
  </settings>
  <!-- 配置一个包的别名 在使用类的时候不用指定类的全限定名称 -->
  <typeAliases>
    <package name="com.getword.entity"/>
  </typeAliases>

  <environments default="development">
    <environment id="development">
      <transactionManager type="JDBC">
        <property name="" value=""/>
      </transactionManager>
      <dataSource type="UNPOOLED">
        <property name="driver" value="${jdbc.driver}"/>
        <property name="url" value="${jdbc.url}"/>
        <property name="username" value="${jdbc.username}"/>
        <property name="password" value="${jdbc.password}"/>
      </dataSource>
    </environment>
  </environments>

  <mappers>
    <mapper resource="mapper/mysql/SysUserMapper.xml" />
  </mappers>
</configuration>