<?xml version="1.0" encoding="UTF-8"?>
<!DOCTYPE mapper PUBLIC "-//mybatis.org//DTD Mapper 3.0//EN"
        "http://mybatis.org/dtd/mybatis-3-mapper.dtd">
<!-- namespace定义当前xml的命名空间,就是包名 -->
<mapper namespace="com.getword.com.getword.dao.SysUserDao">
  <select id="findById" resultType="SysUser" parameterType="map">
		select * from sys_user;
		<where>
			<if test="userName !=null and userName!=''">
				and userName=#{userName}
			</if>
			<if test="userInfo !=null and userInfo!=''">
				and userInfo=#{userInfo}
			</if>
		</where>
	</select>

	<insert id="insert" parameterType="SysUser">
		insert into sys_user(userName,userPassword,
			<if test="userEmail!=null and userEmail!=''">
				userEmail,
			</if>
			<if test="userEmail!=null and userEmail!=''">
				userInfo,
			</if>
			createTime)
    values(#{userName},#{userPassword},
			<if test="userEmail!=null and userEmail!=''">
				#{userEmail},
			</if>
			<if test="userEmail!=null and userEmail!=''">
				#{userInfo},
			</if>
           #{createTime})
	</insert>

	<update id="update" parameterType="SysUser">
		update sys_user
		<set>
			<if test="userName !=null and userName!=''">
				and userName=#{userName},
			</if>
			<if test="userInfo !=null and userInfo!=''">
				and userInfo=#{userInfo},
			</if>
			<if test="headImg!=null">
				headImg=#{headImg, jdbcType=BLOB},
			</if>
			<if test="createTime!=null">
				createTime=#{createTime, jdbcType=timestamp},
			</if>
		</set>
		where id=#{id}
	</update>

</mapper>